Id,ActivityDate,TotalSteps,TotalDistance,VeryActiveDistance,ModeratelyActiveDistance,LightActiveDistance,SedentaryActiveDistance,VeryActiveMinutes,FairlyActiveMinutes,LightlyActiveMinutes,SedentaryMinutes,Calories,DayOfTheWeek
8378563200,12/4/2016,7626,6.05,1,1,5,0,65,15,156,723,3635,Tuesday
4388161847,12/4/2016,10122,7.78,0,0,0,0,0,0,0,1440,2955,Tuesday
4319703577,12/4/2016,7753,5.20,0,0,0,0,0,0,0,1440,2115,Tuesday
4057192912,12/4/2016,5394,4.03,0,0,4,0,0,0,164,1276,2286,Tuesday
4020332650,12/4/2016,8539,6.12,0,0,6,0,4,15,331,712,3654,Tuesday
4702921684,12/4/2016,7213,5.88,0,0,6,0,0,0,263,718,2947,Tuesday
7086361926,12/4/2016,11317,8.41,5,0,3,0,59,6,153,745,2772,Tuesday
8877689391,12/4/2016,23186,20.40,12,0,8,0,85,7,312,1036,3921,Tuesday
2347167796,12/4/2016,10113,6.83,2,1,4,0,28,13,320,964,2344,Tuesday
1503960366,12/4/2016,13162,8.50,2,1,6,0,25,13,328,728,1985,Tuesday
5553957443,12/4/2016,11596,7.57,1,1,5,0,19,13,277,767,2026,Tuesday
8583815059,12/4/2016,5014,3.91,0,0,4,0,0,7,196,1237,2650,Tuesday
5577150313,12/4/2016,8135,6.08,4,0,2,0,86,16,140,728,3405,Tuesday
1644430081,12/4/2016,10694,7.77,0,2,5,0,2,51,256,1131,3199,Tuesday
3977333714,12/4/2016,8856,5.98,3,1,2,0,44,19,131,777,1450,Tuesday
1624580081,12/4/2016,8163,5.31,0,0,5,0,0,0,146,1294,1432,Tuesday
1844505072,12/4/2016,6697,4.43,0,0,4,0,0,0,339,1101,2030,Tuesday
1927972279,12/4/2016,678,0.47,0,0,0,0,0,0,55,734,2220,Tuesday
2022484408,12/4/2016,11875,8.34,3,1,4,0,42,14,227,1157,2390,Tuesday
4445114986,12/4/2016,3276,2.20,0,0,2,0,0,0,196,787,2113,Tuesday
4558609924,12/4/2016,5135,3.39,0,0,3,0,0,0,318,1122,1909,Tuesday
6117666160,12/4/2016,0,0.00,0,0,0,0,0,0,0,1440,1496,Tuesday
6290855005,12/4/2016,4562,3.45,0,0,3,0,0,0,199,1241,2560,Tuesday
6775888955,12/4/2016,0,0.00,0,0,0,0,0,0,0,1440,1841,Tuesday
8792009665,12/4/2016,2564,1.64,0,0,2,0,0,0,116,831,2044,Tuesday
3372868164,12/4/2016,4747,3.24,0,0,3,0,0,0,280,1160,1788,Tuesday
8253242879,12/4/2016,9033,7.16,5,0,2,0,40,2,154,1244,2044,Tuesday
2026352035,12/4/2016,4414,2.74,0,0,2,0,3,8,181,706,1459,Tuesday
6962181067,12/4/2016,10199,6.74,3,1,3,0,50,14,189,796,1994,Tuesday
2320127002,12/4/2016,10725,7.49,1,0,6,0,13,9,306,1112,2124,Tuesday
2873212765,12/4/2016,8796,5.91,0,1,5,0,2,21,356,1061,1982,Tuesday
8053475328,12/4/2016,18060,14.12,12,0,2,0,116,8,123,1193,3186,Tuesday
7007744171,12/4/2016,14172,10.29,5,0,5,0,53,8,355,1024,2937,Tuesday
8378563200,13/4/2016,12386,9.82,5,1,4,0,116,14,169,680,4079,Wednesday
4388161847,13/4/2016,10993,8.45,0,1,4,0,1,14,150,1275,3092,Wednesday
4319703577,13/4/2016,8204,5.50,1,1,1,0,8,15,96,1234,2135,Wednesday
4057192912,13/4/2016,5974,4.47,0,0,4,0,0,0,160,1280,2306,Wednesday
3372868164,13/4/2016,9715,6.63,1,0,5,0,16,8,371,1045,2093,Wednesday
8877689391,13/4/2016,15337,9.58,4,0,6,0,108,18,216,1098,3566,Wednesday
7086361926,13/4/2016,5813,3.62,1,0,3,0,31,26,155,744,2516,Wednesday
6290855005,13/4/2016,7142,5.40,0,0,5,0,0,0,350,1090,2905,Wednesday
2022484408,13/4/2016,12024,8.50,3,0,5,0,43,5,292,1100,2601,Wednesday
1644430081,13/4/2016,8001,5.82,2,1,3,0,30,16,135,1259,2902,Wednesday
2347167796,13/4/2016,10352,7.01,2,2,3,0,19,32,195,676,2038,Wednesday
6775888955,13/4/2016,4053,2.91,1,1,1,0,17,18,85,1053,2400,Wednesday
8053475328,13/4/2016,16433,13.35,10,0,2,0,95,12,156,1177,3140,Wednesday
1624580081,13/4/2016,7007,4.55,0,0,5,0,0,0,148,1292,1411,Wednesday
1844505072,13/4/2016,4929,3.26,0,0,3,0,0,0,248,1192,1860,Wednesday
1927972279,13/4/2016,356,0.25,0,0,0,0,0,0,32,986,2151,Wednesday
2026352035,13/4/2016,4993,3.10,0,0,3,0,0,0,238,663,1521,Wednesday
2320127002,13/4/2016,7275,4.90,0,0,5,0,0,0,335,1105,2003,Wednesday
3977333714,13/4/2016,10035,6.71,2,2,3,0,31,46,153,754,1495,Wednesday
4020332650,13/4/2016,0,0.00,0,0,0,0,0,0,0,1440,1981,Wednesday
4445114986,13/4/2016,2961,1.99,0,0,2,0,0,0,194,840,2095,Wednesday
4702921684,13/4/2016,6877,5.58,0,0,6,0,0,0,258,777,2898,Wednesday
5553957443,13/4/2016,4832,3.16,0,0,3,0,0,0,226,647,1718,Wednesday
6117666160,13/4/2016,0,0.00,0,0,0,0,0,0,0,1440,1496,Wednesday
8792009665,13/4/2016,1320,0.84,0,0,1,0,0,0,82,806,1934,Wednesday
5577150313,13/4/2016,5077,3.79,0,0,3,0,15,11,144,776,2551,Wednesday
4558609924,13/4/2016,4978,3.29,1,0,2,0,19,7,127,1287,1722,Wednesday
6962181067,13/4/2016,5652,3.74,1,1,2,0,8,24,142,548,1718,Wednesday
8583815059,13/4/2016,5571,4.35,0,1,3,0,2,23,163,1252,2654,Wednesday
2873212765,13/4/2016,7618,5.12,0,0,5,0,0,8,404,1028,2004,Wednesday
1503960366,13/4/2016,10735,6.97,2,1,5,0,21,19,217,776,1797,Wednesday
8253242879,13/4/2016,8053,6.10,4,1,1,0,35,11,96,1298,1935,Wednesday
7007744171,13/4/2016,12862,9.65,5,1,4,0,56,22,261,1101,2742,Wednesday
8378563200,14/4/2016,13318,10.56,6,1,4,0,123,21,174,699,4163,Thursday
7086361926,14/4/2016,9123,6.12,2,0,4,0,35,32,189,787,2734,Thursday
8877689391,14/4/2016,21129,18.98,11,1,8,0,68,13,298,1061,3793,Thursday
8053475328,14/4/2016,20159,15.97,12,0,3,0,119,5,193,1123,3411,Thursday
4020332650,14/4/2016,108,0.08,0,0,0,0,0,0,3,1437,2011,Thursday
2026352035,14/4/2016,3335,2.07,0,0,2,0,0,0,197,653,1431,Thursday
8583815059,14/4/2016,3135,2.45,0,0,2,0,0,0,134,1306,2443,Thursday
1844505072,14/4/2016,7937,5.25,0,0,5,0,0,0,373,843,2130,Thursday
1644430081,14/4/2016,11037,8.02,0,3,5,0,5,58,252,1125,3226,Thursday
4388161847,14/4/2016,8863,6.82,0,1,6,0,10,35,219,945,2998,Thursday
1624580081,14/4/2016,9107,5.92,0,0,6,0,0,0,236,1204,1572,Thursday
6290855005,14/4/2016,7671,5.80,0,0,6,0,0,0,363,1077,2952,Thursday
5577150313,14/4/2016,8596,6.42,3,0,3,0,118,30,176,662,4022,Thursday
3977333714,14/4/2016,7641,5.11,0,1,4,0,5,23,214,801,1433,Thursday
3372868164,14/4/2016,8844,6.03,0,1,5,0,6,25,370,1039,2065,Thursday
8253242879,14/4/2016,5234,3.46,2,1,1,0,29,16,33,1362,1705,Thursday
4319703577,14/4/2016,10210,6.88,0,0,6,0,1,9,339,589,2302,Thursday
2320127002,14/4/2016,3973,2.68,0,0,3,0,0,0,191,1249,1696,Thursday
2873212765,14/4/2016,7910,5.32,0,0,5,0,0,0,331,1109,1893,Thursday
4057192912,14/4/2016,0,0.00,0,0,0,0,0,0,0,1440,1776,Thursday
4445114986,14/4/2016,3974,2.67,0,0,3,0,0,0,231,717,2194,Thursday
4558609924,14/4/2016,6799,4.49,0,0,4,0,0,0,279,1161,1922,Thursday
4702921684,14/4/2016,7860,6.37,0,0,6,0,0,0,271,772,2984,Thursday
6117666160,14/4/2016,0,0.00,0,0,0,0,0,0,0,1440,1496,Thursday
6775888955,14/4/2016,5162,3.70,1,1,2,0,14,24,105,863,2507,Thursday
6962181067,14/4/2016,1551,1.03,0,0,1,0,0,0,86,862,1466,Thursday
8792009665,14/4/2016,1219,0.78,0,0,1,0,0,0,84,853,1963,Thursday
1927972279,14/4/2016,2163,1.50,0,0,1,0,0,9,88,1292,2383,Thursday
5553957443,14/4/2016,17022,11.12,4,2,5,0,61,41,256,693,2324,Thursday
2347167796,14/4/2016,10129,6.70,0,3,4,0,1,48,206,705,2010,Thursday
2022484408,14/4/2016,10690,7.50,2,0,5,0,32,3,257,1148,2312,Thursday
1503960366,14/4/2016,10460,6.74,2,0,4,0,30,11,181,1218,1776,Thursday
7007744171,14/4/2016,11179,8.24,3,0,5,0,34,6,304,1096,2668,Thursday
8583815059,15/4/2016,3430,2.68,0,0,1,0,0,0,65,1375,2505,Friday
1503960366,15/4/2016,9762,6.28,2,1,3,0,29,34,209,726,1745,Friday
8877689391,15/4/2016,13422,7.17,0,0,7,0,106,1,281,1052,3934,Friday
4057192912,15/4/2016,3984,2.95,0,0,2,0,3,6,88,873,1527,Friday
4020332650,15/4/2016,1882,1.35,0,0,1,0,36,18,87,1299,2951,Friday
1624580081,15/4/2016,1510,0.98,0,0,1,0,0,0,96,1344,1344,Friday
8253242879,15/4/2016,2672,1.77,0,0,2,0,0,0,105,1335,1632,Friday
6117666160,15/4/2016,14019,10.59,0,0,10,0,0,6,513,921,2865,Friday
1644430081,15/4/2016,5263,3.83,0,0,3,0,3,4,170,1263,2750,Friday
5553957443,15/4/2016,16556,10.86,4,2,5,0,58,38,239,689,2254,Friday
8378563200,15/4/2016,14461,11.47,5,1,5,0,60,23,190,729,3666,Friday
2347167796,15/4/2016,10465,6.92,0,1,5,0,1,24,284,720,2133,Friday
4702921684,15/4/2016,6506,5.28,0,0,5,0,1,8,256,944,2896,Friday
1844505072,15/4/2016,3844,2.54,0,0,3,0,0,0,176,527,1725,Friday
1927972279,15/4/2016,980,0.68,0,0,1,0,0,0,51,941,2221,Friday
2026352035,15/4/2016,3821,2.37,0,0,2,0,0,0,188,687,1444,Friday
2320127002,15/4/2016,5205,3.51,0,0,4,0,0,0,245,1195,1801,Friday
3977333714,15/4/2016,9010,6.06,1,2,3,0,15,42,183,644,1468,Friday
4319703577,15/4/2016,5664,3.80,0,0,4,0,0,0,228,752,1985,Friday
4388161847,15/4/2016,8758,6.73,0,0,7,0,0,0,299,837,3066,Friday
4445114986,15/4/2016,7198,4.83,0,0,5,0,0,0,350,711,2496,Friday
6775888955,15/4/2016,1282,0.92,0,0,1,0,0,0,58,976,2127,Friday
6962181067,15/4/2016,5563,3.68,0,0,4,0,0,0,217,837,1756,Friday
7007744171,15/4/2016,5273,3.53,0,0,4,0,0,0,202,1238,2098,Friday
8792009665,15/4/2016,2483,1.59,0,0,2,0,0,0,126,937,2009,Friday
3372868164,15/4/2016,7451,5.08,0,0,5,0,0,0,335,1105,1908,Friday
5577150313,15/4/2016,12087,9.08,4,2,4,0,115,54,199,695,4005,Friday
2873212765,15/4/2016,8482,5.70,0,0,6,0,0,0,448,992,2063,Friday
6290855005,15/4/2016,9501,7.18,0,0,7,0,0,0,328,1112,2896,Friday
8053475328,15/4/2016,20669,16.24,13,0,3,0,132,8,158,1142,3410,Friday
2022484408,15/4/2016,11034,8.03,2,0,6,0,27,9,282,1122,2525,Friday
7086361926,15/4/2016,8585,5.67,2,1,3,0,30,21,139,864,2395,Friday
4558609924,15/4/2016,7795,5.15,1,1,4,0,17,30,262,1131,2121,Friday
8583815059,16/4/2016,5319,4.15,0,0,0,0,0,0,0,1440,2693,Saturday
8877689391,16/4/2016,29326,25.29,13,1,11,0,94,29,429,888,4547,Saturday
1644430081,16/4/2016,15300,11.12,4,2,5,0,51,42,212,1135,3493,Saturday
4558609924,16/4/2016,7289,4.82,1,1,4,0,8,12,308,1112,1997,Saturday
8378563200,16/4/2016,11207,8.89,5,1,2,0,64,21,142,563,3363,Saturday
4020332650,16/4/2016,1982,1.42,0,0,1,0,65,21,55,1222,3051,Saturday
2320127002,16/4/2016,5057,3.41,0,0,3,0,0,0,195,1245,1724,Saturday
5577150313,16/4/2016,14269,10.66,7,1,3,0,184,56,158,472,4274,Saturday
6962181067,16/4/2016,13217,8.74,4,0,5,0,50,3,280,741,2173,Saturday
6117666160,16/4/2016,14450,10.91,1,1,9,0,7,15,518,502,2828,Saturday
6290855005,16/4/2016,8301,6.28,0,0,6,0,0,0,258,1182,2783,Saturday
3372868164,16/4/2016,6905,4.73,0,0,5,0,0,0,356,1084,1908,Saturday
2873212765,16/4/2016,9685,6.65,3,0,4,0,47,1,305,1087,2148,Saturday
4388161847,16/4/2016,6580,5.06,0,0,4,0,6,9,253,609,3073,Saturday
6775888955,16/4/2016,4732,3.39,3,1,0,0,36,18,9,1377,2225,Saturday
2347167796,16/4/2016,22244,15.08,5,4,6,0,66,72,268,968,2670,Saturday
1624580081,16/4/2016,5370,3.49,0,0,3,0,0,0,176,1264,1463,Saturday
1844505072,16/4/2016,3414,2.26,0,0,2,0,0,0,147,1293,1657,Saturday
1927972279,16/4/2016,0,0.00,0,0,0,0,0,0,0,1440,2064,Saturday
2026352035,16/4/2016,2547,1.58,0,0,2,0,0,0,150,728,1373,Saturday
3977333714,16/4/2016,13459,9.00,2,4,3,0,31,83,153,663,1625,Saturday
4319703577,16/4/2016,4744,3.18,0,0,3,0,0,0,194,724,1884,Saturday
4445114986,16/4/2016,3945,2.65,0,0,3,0,0,0,225,716,2180,Saturday
5553957443,16/4/2016,5771,3.77,0,0,4,0,0,0,288,521,1831,Saturday
7007744171,16/4/2016,4631,3.10,0,0,3,0,0,0,203,1155,2076,Saturday
7086361926,16/4/2016,31,0.01,0,0,0,0,0,0,3,1437,1635,Saturday
8792009665,16/4/2016,244,0.16,0,0,0,0,0,0,12,1428,1721,Saturday
2022484408,16/4/2016,10100,7.09,3,1,3,0,41,11,151,1237,2177,Saturday
1503960366,16/4/2016,12669,8.16,3,0,5,0,36,10,221,773,1863,Saturday
4702921684,16/4/2016,11140,9.03,0,1,8,0,3,24,335,556,3328,Saturday
8053475328,16/4/2016,14549,11.11,9,0,1,0,96,6,83,1255,2867,Saturday
8253242879,16/4/2016,9256,6.14,0,3,2,0,6,51,115,1268,1880,Saturday
8583815059,17/4/2016,3008,2.35,0,0,0,0,0,0,0,1440,2439,Sunday
5577150313,17/4/2016,12231,9.14,6,1,2,0,200,37,159,525,4552,Sunday
6290855005,17/4/2016,7851,5.94,1,1,4,0,31,12,225,1172,3171,Sunday
2873212765,17/4/2016,2524,1.70,0,0,1,0,0,8,160,1272,1529,Sunday
1624580081,17/4/2016,6175,4.06,1,2,1,0,15,22,127,1276,1554,Sunday
6962181067,17/4/2016,10145,6.71,0,1,6,0,5,13,295,634,2027,Sunday
8877689391,17/4/2016,15118,8.87,0,0,9,0,58,15,307,1060,3545,Sunday
8053475328,17/4/2016,18827,13.69,9,1,4,0,111,21,195,1113,3213,Sunday
1844505072,17/4/2016,4525,2.99,0,0,3,0,2,8,199,1231,1793,Sunday
8253242879,17/4/2016,10204,7.91,5,0,2,0,41,5,157,1237,2112,Sunday
4558609924,17/4/2016,9634,6.40,1,1,5,0,7,19,304,1110,2117,Sunday
3372868164,17/4/2016,8199,5.88,1,0,4,0,11,2,322,1105,1964,Sunday
1503960366,17/4/2016,9705,6.48,3,1,3,0,38,20,164,539,1728,Sunday
1927972279,17/4/2016,0,0.00,0,0,0,0,0,0,0,1440,2063,Sunday
2026352035,17/4/2016,838,0.52,0,0,1,0,0,0,60,1053,1214,Sunday
2320127002,17/4/2016,6198,4.18,0,0,4,0,0,0,249,1191,1852,Sunday
4020332650,17/4/2016,16,0.01,0,0,0,0,0,0,2,1438,1990,Sunday
4319703577,17/4/2016,29,0.02,0,0,0,0,0,0,3,1363,1464,Sunday
4388161847,17/4/2016,4660,3.58,0,0,4,0,0,0,201,721,2572,Sunday
4445114986,17/4/2016,2268,1.52,0,0,2,0,0,0,114,1219,1933,Sunday
5553957443,17/4/2016,655,0.43,0,0,0,0,0,0,46,943,1397,Sunday
6117666160,17/4/2016,7150,5.40,0,0,5,0,0,0,312,702,2225,Sunday
7007744171,17/4/2016,8059,5.39,0,0,5,0,0,0,305,1135,2383,Sunday
7086361926,17/4/2016,0,0.00,0,0,0,0,0,0,0,1440,1629,Sunday
8378563200,17/4/2016,2132,1.69,0,0,2,0,0,0,93,599,2572,Sunday
8792009665,17/4/2016,0,0.00,0,0,0,0,0,0,0,1440,1688,Sunday
6775888955,17/4/2016,2497,1.79,0,1,0,0,5,24,19,1392,2067,Sunday
1644430081,17/4/2016,8757,6.37,2,1,4,0,29,13,186,1212,3011,Sunday
2347167796,17/4/2016,5472,3.62,0,0,3,0,1,7,249,508,1882,Sunday
3977333714,17/4/2016,10415,6.97,1,2,4,0,11,58,205,600,1529,Sunday
4702921684,17/4/2016,12692,10.29,1,3,6,0,12,66,302,437,3394,Sunday
2022484408,17/4/2016,15112,11.40,4,1,7,0,28,29,331,1052,2782,Sunday
8378563200,18/4/2016,13630,10.81,5,1,5,0,117,10,174,720,4157,Monday
8583815059,18/4/2016,3864,3.01,0,1,1,0,4,22,105,1309,2536,Monday
4319703577,18/4/2016,2276,1.55,0,0,1,0,1,9,58,824,1632,Monday
2320127002,18/4/2016,6559,4.42,0,0,4,0,0,7,260,1173,1905,Monday
6117666160,18/4/2016,5153,3.91,0,0,4,0,0,0,241,759,2018,Monday
8877689391,18/4/2016,11423,8.67,2,0,6,0,29,5,191,1215,2761,Monday
8253242879,18/4/2016,5151,3.48,1,1,2,0,16,16,130,1278,1829,Monday
7086361926,18/4/2016,9827,6.71,3,1,2,0,61,51,114,1136,2743,Monday
3372868164,18/4/2016,6798,4.64,1,0,3,0,20,7,343,1070,2014,Monday
1624580081,18/4/2016,10536,7.41,2,1,5,0,17,7,202,1214,1604,Monday
2347167796,18/4/2016,8247,5.45,1,1,4,0,11,16,206,678,1944,Monday
6775888955,18/4/2016,8294,5.95,2,1,3,0,30,31,146,1233,2798,Monday
2022484408,18/4/2016,14131,10.07,4,0,6,0,48,3,311,1078,2770,Monday
4388161847,18/4/2016,11009,9.10,4,0,5,0,27,8,239,1017,3274,Monday
3977333714,18/4/2016,11663,7.80,0,4,4,0,4,95,214,605,1584,Monday
1844505072,18/4/2016,4597,3.04,0,0,3,0,0,12,217,1211,1814,Monday
8053475328,18/4/2016,17076,12.66,9,0,3,0,102,6,195,1137,3133,Monday
1927972279,18/4/2016,244,0.17,0,0,0,0,0,0,17,1423,2111,Monday
2026352035,18/4/2016,3325,2.06,0,0,2,0,0,0,182,1062,1419,Monday
4020332650,18/4/2016,62,0.04,0,0,0,0,0,0,2,1438,1995,Monday
5553957443,18/4/2016,3727,2.43,0,0,2,0,0,0,206,622,1683,Monday
8792009665,18/4/2016,0,0.00,0,0,0,0,0,0,0,1440,1688,Monday
1644430081,18/4/2016,7132,5.19,1,2,2,0,15,33,121,1271,2806,Monday
6290855005,18/4/2016,6885,5.21,0,0,5,0,0,0,271,1169,2766,Monday
2873212765,18/4/2016,7762,5.24,0,0,5,0,1,6,311,1122,1890,Monday
4702921684,18/4/2016,9105,7.38,2,1,4,0,22,30,191,890,3013,Monday
4558609924,18/4/2016,8940,5.91,1,1,4,0,14,15,331,1080,2116,Monday
4445114986,18/4/2016,6155,4.24,2,0,2,0,25,6,162,1247,2248,Monday
6962181067,18/4/2016,11404,7.54,1,2,4,0,13,42,238,689,2039,Monday
1503960366,18/4/2016,13019,8.59,3,1,5,0,42,16,233,1149,1921,Monday
5577150313,18/4/2016,9893,7.39,5,1,2,0,114,32,130,623,3625,Monday
7007744171,18/4/2016,14816,10.98,4,2,5,0,48,31,284,1077,2832,Monday
8378563200,19/4/2016,13070,10.36,5,1,4,0,120,19,154,737,4092,Tuesday
3977333714,19/4/2016,12414,8.78,2,2,4,0,19,67,221,738,1638,Tuesday
8877689391,19/4/2016,18785,17.40,12,0,5,0,82,13,214,1131,3676,Tuesday
7086361926,19/4/2016,10688,7.29,4,1,3,0,67,69,124,671,2944,Tuesday
2873212765,19/4/2016,7948,5.37,0,0,5,0,0,0,389,1051,1956,Tuesday
3372868164,19/4/2016,7711,5.26,0,0,5,0,0,0,376,1064,1985,Tuesday
6290855005,19/4/2016,7142,5.40,0,0,5,0,0,0,321,1119,2839,Tuesday
5577150313,19/4/2016,12574,9.42,7,1,2,0,108,23,111,733,3501,Tuesday
1624580081,19/4/2016,2916,1.90,0,0,2,0,0,0,141,1299,1435,Tuesday
1844505072,19/4/2016,197,0.13,0,0,0,0,0,0,10,1430,1366,Tuesday
1927972279,19/4/2016,0,0.00,0,0,0,0,0,0,0,1440,2063,Tuesday
2026352035,19/4/2016,2424,1.50,0,0,2,0,0,0,141,785,1356,Tuesday
2347167796,19/4/2016,6711,4.44,0,0,4,0,0,7,382,648,2346,Tuesday
4020332650,19/4/2016,0,0.00,0,0,0,0,0,0,0,1440,1980,Tuesday
4319703577,19/4/2016,8925,5.99,0,0,6,0,0,0,311,604,2200,Tuesday
4445114986,19/4/2016,2064,1.39,0,0,1,0,0,0,121,895,1954,Tuesday
4702921684,19/4/2016,6708,5.44,1,0,4,0,10,8,179,757,2812,Tuesday
6117666160,19/4/2016,11135,8.41,0,0,8,0,0,0,480,425,2606,Tuesday
6775888955,19/4/2016,0,0.00,0,0,0,0,0,0,0,1440,1841,Tuesday
6962181067,19/4/2016,10742,7.10,2,2,3,0,35,41,195,659,2046,Tuesday
8253242879,19/4/2016,4212,2.78,0,0,3,0,0,0,164,1276,1763,Tuesday
8792009665,19/4/2016,0,0.00,0,0,0,0,0,0,0,1440,1688,Tuesday
4388161847,19/4/2016,10181,7.83,1,1,6,0,20,16,249,704,3015,Tuesday
2320127002,19/4/2016,5997,4.04,0,0,4,0,0,11,228,1201,1811,Tuesday
1503960366,19/4/2016,15506,9.88,4,1,5,0,50,31,264,775,2035,Tuesday
4558609924,19/4/2016,5401,3.57,0,0,3,0,1,9,248,1182,1876,Tuesday
2022484408,19/4/2016,11548,8.53,3,0,5,0,31,7,250,1152,2489,Tuesday
8053475328,19/4/2016,15929,12.48,9,0,3,0,90,7,191,1152,3114,Tuesday
1644430081,19/4/2016,11256,8.18,0,3,5,0,5,58,278,1099,3300,Tuesday
8583815059,19/4/2016,5697,4.44,1,0,3,0,7,10,166,1257,2668,Tuesday
5553957443,19/4/2016,15482,10.11,4,2,4,0,69,28,249,756,2284,Tuesday
7007744171,19/4/2016,14194,10.48,4,1,5,0,53,17,304,1066,2812,Tuesday
8378563200,20/4/2016,9388,7.44,2,0,5,0,82,8,169,763,3787,Wednesday
8877689391,20/4/2016,19948,18.11,11,1,6,0,73,19,225,1123,3679,Wednesday
4319703577,20/4/2016,8954,6.01,0,1,5,0,0,18,306,671,2220,Wednesday
2320127002,20/4/2016,7192,4.85,0,0,4,0,0,11,283,1146,1922,Wednesday
7086361926,20/4/2016,14365,10.64,8,0,3,0,87,13,145,797,2997,Wednesday
4702921684,20/4/2016,8793,7.13,0,1,6,0,2,29,260,717,3061,Wednesday
4388161847,20/4/2016,10553,8.12,1,2,5,0,19,42,228,696,3083,Wednesday
2873212765,20/4/2016,9202,6.30,2,0,5,0,22,5,378,1035,2094,Wednesday
8583815059,20/4/2016,5273,4.11,0,1,3,0,0,27,167,1246,2647,Wednesday
2022484408,20/4/2016,15112,10.67,3,2,5,0,48,63,276,1053,2897,Wednesday
8253242879,20/4/2016,6466,4.27,0,1,3,0,5,18,216,1201,1931,Wednesday
3977333714,20/4/2016,11658,7.83,0,4,3,0,2,98,164,845,1554,Wednesday
1503960366,20/4/2016,10544,6.68,2,0,4,0,28,12,205,818,1786,Wednesday
1624580081,20/4/2016,4974,3.23,0,0,3,0,0,0,151,1289,1446,Wednesday
1844505072,20/4/2016,8,0.01,0,0,0,0,0,0,1,1439,1349,Wednesday
1927972279,20/4/2016,0,0.00,0,0,0,0,0,0,0,1440,2063,Wednesday
2026352035,20/4/2016,7222,4.48,0,0,4,0,0,0,327,623,1667,Wednesday
4020332650,20/4/2016,0,0.00,0,0,0,0,0,0,0,1440,1980,Wednesday
4445114986,20/4/2016,2072,1.39,0,0,1,0,0,0,137,841,1974,Wednesday
4558609924,20/4/2016,4803,3.17,0,0,3,0,0,0,222,1218,1788,Wednesday
5553957443,20/4/2016,2713,1.77,0,0,2,0,0,0,148,598,1570,Wednesday
1644430081,20/4/2016,2436,1.77,0,0,2,0,0,0,125,1315,2430,Wednesday
5577150313,20/4/2016,8330,6.22,4,0,2,0,87,16,113,773,3192,Wednesday
3372868164,20/4/2016,4880,3.33,1,0,2,0,15,3,274,1148,1867,Wednesday
2347167796,20/4/2016,10999,7.27,1,2,5,0,11,43,269,1011,2198,Wednesday
6290855005,20/4/2016,6361,4.81,0,0,5,0,0,0,258,1182,2701,Wednesday
8053475328,20/4/2016,15108,12.19,10,0,2,0,89,5,158,695,3043,Wednesday
6117666160,20/4/2016,10449,8.02,2,0,6,0,26,10,349,587,2536,Wednesday
8792009665,20/4/2016,3147,2.01,0,0,2,0,0,10,139,744,2188,Wednesday
6962181067,20/4/2016,13928,9.55,4,0,5,0,48,4,297,639,2174,Wednesday
6775888955,20/4/2016,10771,7.72,4,2,2,0,70,113,178,1079,3727,Wednesday
7007744171,20/4/2016,15566,11.31,5,1,6,0,60,33,347,1000,3096,Wednesday
8378563200,21/4/2016,15148,12.01,7,1,4,0,137,16,145,677,4236,Thursday
6117666160,21/4/2016,19542,15.01,1,0,6,0,11,19,294,579,4900,Thursday
4319703577,21/4/2016,3702,2.48,0,0,0,0,0,0,34,1265,1792,Thursday
8877689391,21/4/2016,19377,17.62,12,0,5,0,82,13,226,1119,3659,Thursday
3977333714,21/4/2016,6093,4.08,0,0,4,0,0,0,242,712,1397,Thursday
4445114986,21/4/2016,3809,2.56,0,0,3,0,0,0,215,756,2150,Thursday
3372868164,21/4/2016,8857,6.07,1,0,5,0,18,9,376,1037,2124,Thursday
8053475328,21/4/2016,16057,12.51,10,0,3,0,100,6,170,1164,3103,Thursday
7086361926,21/4/2016,9469,6.18,1,0,5,0,19,6,206,758,2463,Thursday
1844505072,21/4/2016,8054,5.32,0,1,5,0,2,13,308,1117,2062,Thursday
8253242879,21/4/2016,11268,8.56,6,1,2,0,49,20,172,1199,2218,Thursday
2873212765,21/4/2016,8859,5.98,0,0,5,0,2,10,371,1057,1970,Thursday
4702921684,21/4/2016,6530,5.30,0,2,3,0,4,41,144,901,2729,Thursday
5577150313,21/4/2016,10830,8.09,4,2,3,0,110,74,175,670,4018,Thursday
2320127002,21/4/2016,3404,2.29,0,0,2,0,1,10,127,1302,1610,Thursday
1503960366,21/4/2016,9819,6.34,1,0,5,0,19,8,211,838,1775,Thursday
1927972279,21/4/2016,0,0.00,0,0,0,0,0,0,0,1440,2064,Thursday
2026352035,21/4/2016,2467,1.53,0,0,2,0,0,0,153,749,1370,Thursday
4020332650,21/4/2016,0,0.00,0,0,0,0,0,0,0,1440,1980,Thursday
6290855005,21/4/2016,0,0.00,0,0,0,0,0,0,0,1440,2060,Thursday
6775888955,21/4/2016,0,0.00,0,0,0,0,0,0,0,1440,1841,Thursday
8792009665,21/4/2016,144,0.09,0,0,0,0,0,0,9,1431,1720,Thursday
1644430081,21/4/2016,1223,0.89,0,0,1,0,0,0,38,1402,2140,Thursday
1624580081,21/4/2016,6349,4.13,0,0,4,0,0,0,186,1254,1467,Thursday
8583815059,21/4/2016,8538,6.66,3,1,3,0,35,18,158,1229,2883,Thursday
7007744171,21/4/2016,13744,9.19,2,2,5,0,30,34,327,1049,2763,Thursday
5553957443,21/4/2016,12346,8.06,3,2,3,0,47,42,177,801,2066,Thursday
4558609924,21/4/2016,13743,9.08,0,1,8,0,6,21,432,844,2486,Thursday
4388161847,21/4/2016,10055,7.73,0,0,7,0,7,12,272,853,3069,Thursday
2022484408,21/4/2016,12453,8.74,3,1,4,0,104,53,255,1028,3158,Thursday
2347167796,21/4/2016,10080,6.75,2,2,3,0,23,26,208,761,2048,Thursday
6962181067,21/4/2016,11835,9.71,4,2,4,0,53,27,214,708,2179,Thursday
8378563200,22/4/2016,12200,9.67,5,1,4,0,113,12,159,769,4044,Friday
5577150313,22/4/2016,9172,6.85,2,1,3,0,62,30,200,823,3329,Friday
8877689391,22/4/2016,18258,16.31,10,0,6,0,61,2,236,1141,3427,Friday
5553957443,22/4/2016,11682,7.63,1,1,6,0,25,16,270,781,2105,Friday
7086361926,22/4/2016,9753,6.53,3,1,3,0,58,59,153,762,2846,Friday
1624580081,22/4/2016,4026,2.62,0,0,3,0,0,0,199,1241,1470,Friday
2022484408,22/4/2016,12954,9.33,4,0,4,0,52,10,273,1105,2638,Friday
4388161847,22/4/2016,12139,9.34,3,1,5,0,77,25,220,945,3544,Friday
7007744171,22/4/2016,15299,10.24,4,2,4,0,64,50,261,1065,2889,Friday
4558609924,22/4/2016,9601,6.35,1,2,3,0,20,25,273,1122,2094,Friday
1503960366,22/4/2016,12764,8.13,5,1,2,0,66,27,130,1217,1827,Friday
6962181067,22/4/2016,10725,7.09,2,2,4,0,30,33,240,659,2086,Friday
8583815059,22/4/2016,8687,6.78,0,2,4,0,4,54,212,1170,2944,Friday
2873212765,22/4/2016,7286,4.90,0,0,4,0,46,0,366,1028,2241,Friday
1844505072,22/4/2016,5372,3.55,0,0,4,0,0,0,220,1220,1827,Friday
1927972279,22/4/2016,149,0.10,0,0,0,0,0,0,10,1430,2093,Friday
2026352035,22/4/2016,2915,1.81,0,0,2,0,0,0,162,712,1399,Friday
2320127002,22/4/2016,5583,3.76,0,0,4,0,0,0,266,1174,1851,Friday
4020332650,22/4/2016,0,0.00,0,0,0,0,0,0,0,1440,1980,Friday
4445114986,22/4/2016,6831,4.58,0,0,5,0,0,0,317,706,2432,Friday
4702921684,22/4/2016,1664,1.35,0,0,1,0,0,0,72,1341,2241,Friday
6117666160,22/4/2016,8206,6.20,0,0,6,0,0,0,402,413,2409,Friday
6290855005,22/4/2016,6238,4.72,0,0,5,0,0,0,302,1138,2796,Friday
6775888955,22/4/2016,637,0.46,0,0,0,0,0,0,20,1420,1922,Friday
8253242879,22/4/2016,2824,1.87,0,0,2,0,0,0,120,1320,1651,Friday
1644430081,22/4/2016,3673,2.67,0,0,3,0,0,0,86,1354,2344,Friday
3372868164,22/4/2016,3843,2.62,0,0,3,0,0,0,206,1234,1669,Friday
8792009665,22/4/2016,4068,2.60,0,0,2,0,1,20,195,817,2419,Friday
4319703577,22/4/2016,4500,3.02,0,1,2,0,1,19,176,709,1886,Friday
2347167796,22/4/2016,7804,5.16,1,2,3,0,9,27,206,781,1946,Friday
8053475328,22/4/2016,10520,8.29,6,0,2,0,60,3,117,1260,2655,Friday
3977333714,22/4/2016,8911,5.96,2,1,3,0,33,12,188,731,1481,Friday
8583815059,23/4/2016,9423,7.35,1,2,5,0,7,44,238,1151,3012,Saturday
8877689391,23/4/2016,11200,7.43,0,0,7,0,102,6,300,1032,3891,Saturday
4388161847,23/4/2016,13236,10.18,5,0,5,0,58,5,215,749,3306,Saturday
3372868164,23/4/2016,7396,5.07,1,0,4,0,20,2,303,1115,1995,Saturday
8378563200,23/4/2016,5709,4.53,2,1,2,0,19,10,136,740,2908,Saturday
5553957443,23/4/2016,4112,2.69,0,0,3,0,0,0,272,443,1776,Saturday
7086361926,23/4/2016,2817,1.81,0,0,2,0,0,0,90,1350,1965,Saturday
8792009665,23/4/2016,5245,3.36,0,0,3,0,8,45,232,795,2748,Saturday
8053475328,23/4/2016,22359,17.19,13,1,4,0,125,14,223,741,3554,Saturday
8253242879,23/4/2016,9282,6.26,2,1,3,0,30,26,191,1193,2132,Saturday
1624580081,23/4/2016,8538,5.55,0,0,6,0,0,0,227,1213,1562,Saturday
5577150313,23/4/2016,7638,5.71,1,0,4,0,24,24,223,627,3152,Saturday
2873212765,23/4/2016,9317,6.35,2,0,4,0,28,5,330,1077,2021,Saturday
4702921684,23/4/2016,15126,12.27,1,3,8,0,9,66,408,469,3691,Saturday
6962181067,23/4/2016,20031,13.24,4,2,7,0,58,41,347,484,2571,Saturday
1844505072,23/4/2016,3570,2.36,0,0,2,0,0,0,139,1301,1645,Saturday
1927972279,23/4/2016,2945,2.04,0,0,2,0,0,0,145,1295,2499,Saturday
2022484408,23/4/2016,6001,4.21,0,0,4,0,0,0,249,1191,2069,Saturday
2026352035,23/4/2016,12357,7.71,0,0,8,0,0,0,432,458,1916,Saturday
2320127002,23/4/2016,5079,3.42,0,0,3,0,0,0,242,1129,1804,Saturday
3977333714,23/4/2016,12058,8.07,0,4,4,0,0,92,252,724,1638,Saturday
4020332650,23/4/2016,0,0.00,0,0,0,0,0,0,0,1440,1980,Saturday
4319703577,23/4/2016,4935,3.31,0,0,3,0,0,0,233,546,1945,Saturday
4445114986,23/4/2016,4363,2.93,0,0,3,0,0,0,201,1239,2149,Saturday
6117666160,23/4/2016,11495,8.68,0,0,9,0,0,0,512,468,2651,Saturday
6290855005,23/4/2016,0,0.00,0,0,0,0,33,0,0,1407,2664,Saturday
6775888955,23/4/2016,0,0.00,0,0,0,0,0,0,0,1440,1841,Saturday
4558609924,23/4/2016,6890,4.55,0,0,4,0,5,5,308,1122,2085,Saturday
1644430081,23/4/2016,6637,4.83,0,1,4,0,0,15,160,1265,2677,Saturday
1503960366,23/4/2016,14371,9.04,3,1,5,0,41,21,262,732,1949,Saturday
7007744171,23/4/2016,8093,5.41,0,1,4,0,2,25,223,1190,2284,Saturday
2347167796,23/4/2016,16901,11.37,3,1,7,0,32,35,360,591,2629,Saturday
8877689391,24/4/2016,16674,15.74,11,0,5,0,64,1,227,1148,3455,Sunday
4702921684,24/4/2016,15050,12.22,1,5,6,0,15,95,281,542,3538,Sunday
8053475328,24/4/2016,22988,17.95,13,2,3,0,129,33,182,1096,3577,Sunday
8792009665,24/4/2016,400,0.26,0,0,0,0,3,8,19,1410,1799,Sunday
2320127002,24/4/2016,4165,2.81,0,0,3,0,0,0,204,1236,1725,Sunday
7086361926,24/4/2016,3520,2.16,0,0,2,0,0,0,125,566,2049,Sunday
4319703577,24/4/2016,4081,2.74,0,0,2,0,1,5,191,692,1880,Sunday
4558609924,24/4/2016,8563,5.66,0,0,6,0,0,0,395,1045,2173,Sunday
8253242879,24/4/2016,8905,7.13,6,0,1,0,41,4,82,1313,1976,Sunday
3372868164,24/4/2016,6731,4.59,1,0,3,0,14,7,292,1127,1921,Sunday
1927972279,24/4/2016,2090,1.45,0,0,1,0,1,6,75,1358,2324,Sunday
1624580081,24/4/2016,6076,3.95,1,1,2,0,16,18,185,1221,1617,Sunday
1644430081,24/4/2016,3321,2.41,0,0,2,0,0,0,89,1351,2413,Sunday
1844505072,24/4/2016,0,0.00,0,0,0,0,0,0,0,1440,1347,Sunday
2026352035,24/4/2016,3490,2.16,0,0,2,0,0,0,164,704,1401,Sunday
2347167796,24/4/2016,9471,6.26,0,0,6,0,0,0,360,584,2187,Sunday
3977333714,24/4/2016,14112,10.00,3,5,2,0,30,95,129,660,1655,Sunday
4020332650,24/4/2016,0,0.00,0,0,0,0,0,0,0,1440,1980,Sunday
4445114986,24/4/2016,5002,3.36,0,0,3,0,0,0,244,1196,2247,Sunday
5553957443,24/4/2016,1807,1.18,0,0,1,0,0,0,104,582,1507,Sunday
6117666160,24/4/2016,7623,5.76,0,0,6,0,0,0,362,711,2305,Sunday
6290855005,24/4/2016,5896,4.46,0,0,4,0,0,0,258,1182,2703,Sunday
6962181067,24/4/2016,5029,3.32,0,0,3,0,0,0,199,720,1705,Sunday
7007744171,24/4/2016,11085,7.42,0,0,7,0,0,0,419,1021,2667,Sunday
8378563200,24/4/2016,3703,2.94,0,0,3,0,0,0,135,734,2741,Sunday
6775888955,24/4/2016,2153,1.54,1,1,0,0,11,18,11,1400,2053,Sunday
2873212765,24/4/2016,6873,4.68,3,0,2,0,46,1,190,1203,1898,Sunday
1503960366,24/4/2016,10039,6.41,3,0,3,0,39,5,238,709,1788,Sunday
2022484408,24/4/2016,13481,10.28,5,1,5,0,37,26,216,1161,2529,Sunday
5577150313,24/4/2016,15764,11.78,8,2,2,0,210,65,141,425,4392,Sunday
8583815059,24/4/2016,8286,6.46,0,2,4,0,2,44,206,1188,2889,Sunday
4388161847,24/4/2016,10243,7.88,1,1,6,0,14,8,239,584,2885,Sunday
8378563200,25/4/2016,12405,9.84,5,1,4,0,117,16,141,692,4005,Monday
8877689391,25/4/2016,12986,8.74,2,0,6,0,113,8,218,1101,3802,Monday
3977333714,25/4/2016,11177,8.48,6,0,2,0,50,9,133,781,1570,Monday
6775888955,25/4/2016,6474,4.64,2,0,2,0,33,13,92,1302,2484,Monday
4702921684,25/4/2016,9167,7.43,0,1,6,0,6,15,270,730,3064,Monday
7086361926,25/4/2016,10091,6.82,4,1,2,0,69,39,129,706,2752,Monday
2022484408,25/4/2016,11369,8.01,3,0,4,0,44,8,217,1171,2470,Monday
4319703577,25/4/2016,9259,6.21,0,0,6,0,0,8,390,544,2314,Monday
5577150313,25/4/2016,6393,4.78,1,1,3,0,61,38,214,743,3374,Monday
1503960366,25/4/2016,15355,9.80,5,1,4,0,73,14,216,814,2013,Monday
4388161847,25/4/2016,12961,9.97,1,1,8,0,11,31,301,1054,3288,Monday
2320127002,25/4/2016,3588,2.42,0,0,2,0,3,5,152,1280,1654,Monday
1844505072,25/4/2016,0,0.00,0,0,0,0,0,0,0,1440,1347,Monday
1927972279,25/4/2016,152,0.11,0,0,0,0,0,0,12,1303,2100,Monday
2026352035,25/4/2016,6017,3.73,0,0,4,0,0,0,260,821,1576,Monday
2873212765,25/4/2016,7373,4.95,0,0,5,0,0,0,359,1081,1907,Monday
3372868164,25/4/2016,5995,4.09,0,0,4,0,0,0,416,1024,2010,Monday
4020332650,25/4/2016,0,0.00,0,0,0,0,0,0,0,1440,1980,Monday
4445114986,25/4/2016,3385,2.27,0,0,2,0,0,0,179,916,2070,Monday
6117666160,25/4/2016,0,0.00,0,0,0,0,0,0,0,1440,1497,Monday
8792009665,25/4/2016,0,0.00,0,0,0,0,0,0,0,1440,1688,Monday
1624580081,25/4/2016,6497,4.22,0,0,4,0,0,0,202,1238,1492,Monday
5553957443,25/4/2016,10946,7.19,3,1,4,0,51,11,201,732,2033,Monday
1644430081,25/4/2016,3580,2.60,1,0,2,0,8,1,94,1337,2497,Monday
6290855005,25/4/2016,7802,5.90,1,0,5,0,8,3,249,1180,2771,Monday
8053475328,25/4/2016,20500,15.69,11,0,4,0,118,9,209,1104,3403,Monday
4558609924,25/4/2016,8095,5.35,1,0,5,0,18,10,340,993,2225,Monday
2347167796,25/4/2016,9482,6.38,1,1,5,0,15,11,277,653,2095,Monday
8253242879,25/4/2016,6829,4.51,0,2,2,0,7,54,118,1261,1909,Monday
8583815059,25/4/2016,4503,3.51,1,0,2,0,18,6,122,1294,2547,Monday
6962181067,25/4/2016,13239,9.27,3,2,4,0,35,31,282,637,2194,Monday
7007744171,25/4/2016,18229,13.34,4,1,8,0,51,24,379,986,3055,Monday
6775888955,26/4/2016,7091,5.27,3,1,1,0,42,30,47,1321,2584,Tuesday
8877689391,26/4/2016,11101,8.43,2,0,7,0,22,3,258,1157,2860,Tuesday
7086361926,26/4/2016,10387,7.07,4,1,2,0,70,33,132,726,2781,Tuesday
4388161847,26/4/2016,9461,7.28,1,1,5,0,14,23,224,673,2929,Tuesday
3372868164,26/4/2016,8283,5.79,2,0,4,0,22,2,333,1083,2057,Tuesday
8053475328,26/4/2016,12685,9.62,6,0,3,0,68,5,185,1182,2846,Tuesday
5577150313,26/4/2016,5325,3.98,1,1,2,0,38,32,181,759,3088,Tuesday
8583815059,26/4/2016,10499,8.19,0,4,4,0,1,91,214,1134,3093,Tuesday
7007744171,26/4/2016,15090,10.10,1,1,8,0,16,22,424,978,2939,Tuesday
5553957443,26/4/2016,11886,7.76,2,1,4,0,40,18,238,750,2093,Tuesday
4558609924,26/4/2016,9148,6.05,0,2,4,0,12,41,283,1062,2223,Tuesday
2873212765,26/4/2016,8242,5.54,0,0,5,0,2,5,309,1124,1882,Tuesday
6117666160,26/4/2016,9543,7.21,0,0,7,0,0,7,352,1077,2450,Tuesday
6962181067,26/4/2016,10433,6.90,3,0,4,0,36,7,254,680,2012,Tuesday
1503960366,26/4/2016,13755,8.79,2,1,6,0,31,23,279,833,1970,Tuesday
3977333714,26/4/2016,11388,7.62,0,4,3,0,7,95,170,797,1551,Tuesday
8378563200,26/4/2016,16208,12.85,8,1,4,0,90,18,161,593,3763,Tuesday
8253242879,26/4/2016,4562,3.04,1,0,1,0,19,14,108,1299,1813,Tuesday
1844505072,26/4/2016,0,0.00,0,0,0,0,0,0,0,1440,1347,Tuesday
1927972279,26/4/2016,3761,2.60,0,0,3,0,0,0,192,1058,2638,Tuesday
2026352035,26/4/2016,5933,3.68,0,0,4,0,0,0,288,1018,1595,Tuesday
2320127002,26/4/2016,3409,2.30,0,0,2,0,0,0,147,1293,1632,Tuesday
2347167796,26/4/2016,5980,3.95,0,0,4,0,0,0,227,732,1861,Tuesday
4020332650,26/4/2016,0,0.00,0,0,0,0,0,0,0,1440,1980,Tuesday
6290855005,26/4/2016,0,0.00,0,0,0,0,0,0,0,1440,2060,Tuesday
8792009665,26/4/2016,1321,0.85,0,0,1,0,0,0,80,1360,1928,Tuesday
1624580081,26/4/2016,2826,1.84,0,0,2,0,0,0,140,1300,1402,Tuesday
1644430081,26/4/2016,9919,7.21,1,2,5,0,11,41,223,1165,3123,Tuesday
4319703577,26/4/2016,9899,6.64,1,1,5,0,8,21,288,649,2236,Tuesday
4445114986,26/4/2016,6326,4.41,2,0,2,0,29,1,180,839,2291,Tuesday
2022484408,26/4/2016,10119,7.19,1,1,5,0,55,24,275,1086,2793,Tuesday
4702921684,26/4/2016,6108,4.95,0,0,5,0,1,8,216,765,2784,Tuesday
4702921684,27/4/2016,7047,5.72,0,1,5,0,1,16,238,733,2908,Wednesday
8877689391,27/4/2016,23629,20.65,13,0,7,0,93,8,235,1104,3808,Wednesday
8253242879,27/4/2016,10232,8.18,6,0,2,0,45,5,104,1286,2008,Wednesday
4558609924,27/4/2016,9557,6.32,2,1,3,0,27,14,312,1087,2098,Wednesday
3372868164,27/4/2016,7904,5.42,2,1,3,0,24,13,346,1057,2095,Wednesday
4388161847,27/4/2016,11193,8.61,1,3,5,0,11,48,241,684,3074,Wednesday
5553957443,27/4/2016,10538,6.88,1,1,5,0,16,16,206,745,1922,Wednesday
2022484408,27/4/2016,10159,7.13,1,1,5,0,19,20,282,1119,2463,Wednesday
4445114986,27/4/2016,7243,5.03,3,0,2,0,32,1,194,839,2361,Wednesday
6290855005,27/4/2016,5565,4.21,0,0,4,0,0,0,287,1153,2743,Wednesday
8378563200,27/4/2016,7359,5.84,0,0,5,0,4,4,192,676,3061,Wednesday
6962181067,27/4/2016,10320,6.82,1,2,4,0,7,38,279,697,2034,Wednesday
3977333714,27/4/2016,7193,5.04,0,0,5,0,0,10,176,714,1377,Wednesday
7086361926,27/4/2016,11107,8.34,6,0,3,0,55,6,145,829,2693,Wednesday
1624580081,27/4/2016,8367,5.44,1,2,2,0,17,36,154,1233,1670,Wednesday
1644430081,27/4/2016,3032,2.20,0,0,2,0,0,0,118,1322,2489,Wednesday
1844505072,27/4/2016,4,0.00,0,0,0,0,0,0,1,1439,1348,Wednesday
1927972279,27/4/2016,0,0.00,0,0,0,0,0,0,0,1440,2063,Wednesday
2026352035,27/4/2016,6088,3.77,0,0,4,0,0,0,286,586,1593,Wednesday
2320127002,27/4/2016,1715,1.16,0,0,1,0,0,0,82,1358,1481,Wednesday
2873212765,27/4/2016,3516,2.36,0,0,2,0,46,0,197,1197,1966,Wednesday
4020332650,27/4/2016,0,0.00,0,0,0,0,0,0,0,1440,1980,Wednesday
6117666160,27/4/2016,9411,7.11,0,0,7,0,0,0,458,417,2576,Wednesday
6775888955,27/4/2016,0,0.00,0,0,0,0,0,0,0,1440,1841,Wednesday
8792009665,27/4/2016,1758,1.13,0,0,1,0,0,0,112,900,2067,Wednesday
5577150313,27/4/2016,6805,5.14,2,0,3,0,63,16,190,773,3294,Wednesday
2347167796,27/4/2016,11423,7.58,2,0,5,0,26,9,295,623,2194,Wednesday
8053475328,27/4/2016,12422,9.82,6,0,3,0,60,10,183,1187,2852,Wednesday
4319703577,27/4/2016,10780,7.23,0,2,5,0,6,47,300,680,2324,Wednesday
1503960366,27/4/2016,18134,12.21,6,0,5,0,78,11,243,1108,2159,Wednesday
8583815059,27/4/2016,12474,9.73,7,0,3,0,77,5,129,1229,3142,Wednesday
7007744171,27/4/2016,13541,10.22,4,1,5,0,50,12,337,1041,2830,Wednesday
1503960366,28/4/2016,13154,8.53,4,1,4,0,48,28,189,782,1898,Thursday
8877689391,28/4/2016,14890,11.30,5,0,6,0,58,8,231,1143,3060,Thursday
7086361926,28/4/2016,11584,7.80,3,2,3,0,54,48,161,810,2862,Thursday
1644430081,28/4/2016,9405,6.84,0,2,4,0,3,53,227,1157,3108,Thursday
6962181067,28/4/2016,12627,8.35,3,0,6,0,38,8,288,621,2182,Thursday
1844505072,28/4/2016,6907,4.57,0,0,5,0,0,0,302,1138,1992,Thursday
8583815059,28/4/2016,6174,4.82,0,1,4,0,0,28,203,1209,2757,Thursday
4558609924,28/4/2016,9451,6.25,0,0,6,0,1,11,367,985,2185,Thursday
8253242879,28/4/2016,2718,1.80,1,1,0,0,11,16,20,1393,1580,Thursday
4702921684,28/4/2016,9023,7.32,1,0,6,0,14,9,232,738,3033,Thursday
4319703577,28/4/2016,10817,7.28,1,0,6,0,13,8,359,552,2367,Thursday
8378563200,28/4/2016,5417,4.30,1,0,3,0,11,10,139,711,2884,Thursday
3977333714,28/4/2016,7114,4.88,1,0,3,0,15,8,190,804,1407,Thursday
6775888955,28/4/2016,703,0.50,0,0,0,0,2,13,15,1410,1993,Thursday
1927972279,28/4/2016,1675,1.16,0,0,1,0,0,0,95,1167,2351,Thursday
2026352035,28/4/2016,6375,3.95,0,0,4,0,0,0,331,626,1649,Thursday
2320127002,28/4/2016,1532,1.03,0,0,1,0,0,0,76,1364,1473,Thursday
2347167796,28/4/2016,5439,3.60,0,0,4,0,0,0,229,764,1854,Thursday
3372868164,28/4/2016,5512,3.76,0,0,4,0,0,0,385,1055,1972,Thursday
4020332650,28/4/2016,0,0.00,0,0,0,0,0,0,0,1440,1980,Thursday
4445114986,28/4/2016,4493,3.01,0,0,3,0,0,0,236,762,2203,Thursday
5553957443,28/4/2016,11393,7.63,4,1,3,0,49,13,165,727,1999,Thursday
6117666160,28/4/2016,3403,2.60,0,0,3,0,0,0,141,758,1879,Thursday
6290855005,28/4/2016,5731,4.33,0,0,4,0,0,0,255,1185,2687,Thursday
8792009665,28/4/2016,6157,3.94,0,0,4,0,0,0,310,714,2780,Thursday
5577150313,28/4/2016,9841,7.43,3,1,3,0,99,51,141,692,3580,Thursday
4388161847,28/4/2016,10074,7.75,1,0,6,0,19,9,234,878,2969,Thursday
2873212765,28/4/2016,7913,5.41,2,0,3,0,28,7,213,1192,1835,Thursday
7007744171,28/4/2016,15128,10.12,1,1,8,0,16,16,401,1007,2836,Thursday
2022484408,28/4/2016,10140,7.12,0,1,5,0,6,20,291,1123,2296,Thursday
1624580081,28/4/2016,2759,1.79,0,0,2,0,0,5,115,1320,1401,Thursday
8053475328,28/4/2016,15447,12.40,10,0,2,0,90,9,153,1188,3062,Thursday
8877689391,29/4/2016,9733,7.39,1,0,6,0,18,5,210,1207,2698,Friday
8253242879,29/4/2016,6260,4.26,1,1,2,0,16,14,136,1257,1854,Friday
8378563200,29/4/2016,6175,4.90,0,0,4,0,3,7,172,767,2982,Friday
1503960366,29/4/2016,11181,7.15,1,1,6,0,16,12,243,815,1837,Friday
4445114986,29/4/2016,4676,3.14,0,0,3,0,0,0,226,1106,2196,Friday
7086361926,29/4/2016,7881,4.95,0,0,4,0,24,36,182,1198,2616,Friday
8583815059,29/4/2016,15168,11.83,4,3,5,0,46,67,258,1069,3513,Friday
4319703577,29/4/2016,7990,5.36,0,1,4,0,6,18,289,624,2175,Friday
3372868164,29/4/2016,9135,6.23,0,0,6,0,0,0,402,1038,2044,Friday
6962181067,29/4/2016,10762,7.11,1,0,6,0,12,15,369,645,2254,Friday
5577150313,29/4/2016,7924,5.92,3,1,2,0,97,36,165,739,3544,Friday
8792009665,29/4/2016,8360,5.35,0,0,5,0,6,14,380,634,3101,Friday
4702921684,29/4/2016,9930,8.05,1,1,6,0,12,19,267,692,3165,Friday
2022484408,29/4/2016,10245,7.19,0,1,6,0,21,40,281,1098,2611,Friday
3977333714,29/4/2016,10645,7.75,4,1,3,0,36,32,150,744,1545,Friday
1624580081,29/4/2016,2390,1.55,0,0,2,0,0,0,150,1290,1404,Friday
1644430081,29/4/2016,3176,2.31,0,0,2,0,0,0,120,1193,2498,Friday
1844505072,29/4/2016,4920,3.25,0,0,3,0,0,0,247,1082,1856,Friday
1927972279,29/4/2016,0,0.00,0,0,0,0,0,0,0,1440,2063,Friday
2026352035,29/4/2016,7604,4.71,0,0,5,0,0,0,352,492,1692,Friday
2320127002,29/4/2016,924,0.62,0,0,1,0,0,0,45,1395,1410,Friday
2347167796,29/4/2016,42,0.03,0,0,0,0,0,0,4,2,403,Friday
4020332650,29/4/2016,0,0.00,0,0,0,0,0,0,0,1440,1980,Friday
6117666160,29/4/2016,9592,7.24,0,0,7,0,0,0,461,479,2560,Friday
6290855005,29/4/2016,0,0.00,0,0,0,0,0,0,0,1440,2060,Friday
6775888955,29/4/2016,0,0.00,0,0,0,0,0,0,0,1440,1841,Friday
4558609924,29/4/2016,7833,5.18,1,2,2,0,15,29,197,1096,1918,Friday
2873212765,29/4/2016,7365,4.95,1,1,2,0,20,23,206,1191,1780,Friday
8053475328,29/4/2016,12315,9.65,6,0,3,0,58,8,159,1215,2794,Friday
5553957443,29/4/2016,12764,8.33,3,1,5,0,46,15,270,709,2169,Friday
4388161847,29/4/2016,9232,7.10,1,1,5,0,13,16,236,1175,2979,Friday
7007744171,29/4/2016,20067,14.30,4,2,8,0,55,42,382,961,3180,Friday
8877689391,30/4/2016,27745,26.72,22,0,5,0,124,4,223,1089,4398,Saturday
1844505072,30/4/2016,4014,2.67,0,0,3,0,0,0,184,218,1763,Saturday
7086361926,30/4/2016,14560,9.41,3,1,5,0,42,17,308,584,2995,Saturday
8583815059,30/4/2016,10085,7.87,0,1,6,0,2,28,317,1093,3164,Saturday
2320127002,30/4/2016,4571,3.08,0,0,3,0,0,0,234,1206,1779,Saturday
5577150313,30/4/2016,12363,9.24,6,1,3,0,207,45,163,621,4501,Saturday
1644430081,30/4/2016,18213,13.24,1,3,9,0,9,71,402,816,3846,Saturday
4388161847,30/4/2016,12533,9.64,1,2,7,0,14,43,300,537,3283,Saturday
8053475328,30/4/2016,7135,5.59,3,0,3,0,27,1,131,1281,2408,Saturday
2022484408,30/4/2016,18387,12.91,1,1,11,0,13,23,361,1043,2732,Saturday
4558609924,30/4/2016,10319,6.82,0,2,4,0,7,29,293,1111,2105,Saturday
1503960366,30/4/2016,14673,9.25,4,1,4,0,52,34,217,712,1947,Saturday
1927972279,30/4/2016,0,0.00,0,0,0,0,0,0,0,1440,2064,Saturday
2026352035,30/4/2016,4729,2.93,0,0,3,0,0,0,233,594,1506,Saturday
4020332650,30/4/2016,0,0.00,0,0,0,0,0,0,0,1440,1980,Saturday
4445114986,30/4/2016,6222,4.18,0,0,4,0,0,0,290,797,2363,Saturday
5553957443,30/4/2016,1202,0.78,0,0,1,0,0,0,84,506,1463,Saturday
6117666160,30/4/2016,6987,5.28,0,0,5,0,0,0,343,1040,2275,Saturday
7007744171,30/4/2016,3761,2.52,0,0,3,0,0,0,200,1240,2051,Saturday
8253242879,30/4/2016,0,0.00,0,0,0,0,0,0,0,1440,0,Saturday
8378563200,30/4/2016,2946,2.34,0,0,2,0,0,0,121,780,2660,Saturday
4319703577,30/4/2016,8221,5.52,0,2,4,0,6,38,196,695,2092,Saturday
3372868164,30/4/2016,5250,3.58,1,0,2,0,17,4,300,1119,1946,Saturday
3977333714,30/4/2016,13238,9.20,4,2,3,0,43,52,194,687,1650,Saturday
6290855005,30/4/2016,6744,5.10,0,0,5,0,0,0,324,1116,2843,Saturday
2873212765,30/4/2016,8452,5.68,0,1,4,0,5,20,248,1167,1830,Saturday
4702921684,30/4/2016,10144,8.23,0,2,6,0,4,36,263,728,3115,Saturday
1624580081,30/4/2016,6474,4.30,1,1,2,0,11,23,224,1182,1655,Saturday
8792009665,30/4/2016,7174,4.59,0,0,4,0,10,20,301,749,2896,Saturday
6775888955,30/4/2016,2503,1.79,0,0,1,0,3,9,84,1344,2280,Saturday
6962181067,30/4/2016,10081,6.66,2,1,4,0,32,16,237,731,2002,Saturday
8583815059,1/5/2016,4512,3.52,1,0,2,0,10,2,117,1311,2596,Sunday
8877689391,1/5/2016,10930,8.32,3,1,5,0,36,12,166,1226,2786,Sunday
7086361926,1/5/2016,12390,8.07,2,1,5,0,30,15,258,685,2730,Sunday
6290855005,1/5/2016,9837,7.44,1,3,4,0,8,95,282,1055,3327,Sunday
3372868164,1/5/2016,3077,2.10,0,0,2,0,0,0,172,842,1237,Sunday
3977333714,1/5/2016,10414,7.07,3,2,2,0,41,40,124,691,1501,Sunday
8378563200,1/5/2016,11419,9.06,6,1,2,0,71,10,127,669,3369,Sunday
4388161847,1/5/2016,10255,7.89,1,1,6,0,12,15,241,579,2926,Sunday
2022484408,1/5/2016,10538,7.40,2,1,5,0,25,28,245,1142,2380,Sunday
1927972279,1/5/2016,2704,1.87,1,0,1,0,14,1,70,1355,2411,Sunday
1644430081,1/5/2016,6132,4.46,0,1,3,0,3,24,146,908,2696,Sunday
2026352035,1/5/2016,3609,2.28,0,0,2,0,0,0,191,716,1447,Sunday
2320127002,1/5/2016,772,0.52,0,0,1,0,0,0,40,1400,1403,Sunday
4020332650,1/5/2016,0,0.00,0,0,0,0,0,0,0,1440,1980,Sunday
4319703577,1/5/2016,1251,0.84,0,0,1,0,0,0,67,836,1593,Sunday
4445114986,1/5/2016,5232,3.51,0,0,4,0,0,0,240,741,2246,Sunday
4558609924,1/5/2016,3428,2.27,0,0,2,0,0,0,190,1121,1692,Sunday
4702921684,1/5/2016,0,0.00,0,0,0,0,0,0,0,1440,2017,Sunday
5553957443,1/5/2016,5164,3.37,0,0,3,0,0,0,237,436,1747,Sunday
6117666160,1/5/2016,8915,6.73,0,0,7,0,0,0,397,525,2361,Sunday
6962181067,1/5/2016,5454,3.61,0,0,4,0,0,0,215,722,1740,Sunday
7007744171,1/5/2016,5600,3.75,0,0,4,0,0,0,237,1142,2225,Sunday
8053475328,1/5/2016,1170,0.85,0,0,1,0,0,0,51,1389,1886,Sunday
8792009665,1/5/2016,1619,1.04,0,0,1,0,0,0,79,834,1962,Sunday
6775888955,1/5/2016,2487,1.78,0,1,1,0,9,34,50,1347,2319,Sunday
1503960366,1/5/2016,10602,6.81,2,2,3,0,33,35,246,730,1820,Sunday
5577150313,1/5/2016,13368,9.99,5,1,3,0,194,72,178,499,4546,Sunday
2873212765,1/5/2016,7399,4.97,0,1,3,0,7,18,196,1219,1739,Sunday
1624580081,1/5/2016,36019,28.03,22,4,2,0,186,63,171,1020,2690,Sunday
1844505072,1/5/2016,2573,1.70,0,0,1,0,0,7,75,585,1541,Sunday
8378563200,2/5/2016,6064,4.81,1,0,4,0,63,4,142,802,3491,Monday
8583815059,2/5/2016,8469,6.61,0,0,0,0,0,0,0,1440,2894,Monday
4319703577,2/5/2016,9261,6.24,0,0,6,0,0,11,344,585,2270,Monday
8877689391,2/5/2016,4790,3.64,0,0,4,0,0,0,105,1335,2189,Monday
4702921684,2/5/2016,7245,5.92,0,2,4,0,5,40,195,1131,2859,Monday
5577150313,2/5/2016,7439,5.56,1,0,4,0,37,20,235,732,3014,Monday
3977333714,2/5/2016,16520,11.05,2,6,3,0,24,143,176,713,1760,Monday
2022484408,2/5/2016,10379,7.29,3,0,4,0,36,8,277,1119,2473,Monday
5553957443,2/5/2016,9769,6.38,1,0,5,0,23,9,227,724,1996,Monday
4020332650,2/5/2016,475,0.34,0,0,0,0,0,11,31,1350,2207,Monday
1503960366,2/5/2016,14727,9.71,3,1,6,0,41,15,277,798,2004,Monday
1624580081,2/5/2016,7155,4.93,1,1,3,0,7,6,166,1261,1497,Monday
7086361926,2/5/2016,10052,6.81,3,1,3,0,66,26,139,737,2754,Monday
1644430081,2/5/2016,3758,2.73,0,0,2,0,1,7,148,682,2580,Monday
4445114986,2/5/2016,6910,4.75,2,0,2,0,27,4,200,667,2336,Monday
2320127002,2/5/2016,3634,2.45,0,0,2,0,5,6,123,1306,1613,Monday
2873212765,2/5/2016,7525,5.06,0,0,5,0,0,7,334,1099,1878,Monday
1844505072,2/5/2016,0,0.00,0,0,0,0,0,0,0,1440,1348,Monday
2026352035,2/5/2016,7018,4.35,0,0,4,0,0,0,355,716,1690,Monday
4558609924,2/5/2016,7891,5.22,0,0,5,0,0,0,383,1057,2066,Monday
6117666160,2/5/2016,4933,3.73,0,0,4,0,0,0,236,1204,2044,Monday
6775888955,2/5/2016,0,0.00,0,0,0,0,0,0,0,1440,1841,Monday
8053475328,2/5/2016,1969,1.43,0,0,1,0,0,0,95,1345,1988,Monday
8792009665,2/5/2016,1831,1.17,0,0,1,0,0,0,101,916,2015,Monday
6290855005,2/5/2016,6781,5.13,0,0,5,0,0,0,268,1172,2725,Monday
1927972279,2/5/2016,3790,2.62,1,0,1,0,16,8,94,1322,2505,Monday
6962181067,2/5/2016,12912,8.54,1,2,5,0,18,39,313,655,2162,Monday
4388161847,2/5/2016,10096,8.40,4,0,5,0,33,4,204,935,3147,Monday
7007744171,2/5/2016,13041,9.18,5,1,4,0,64,14,250,1112,2642,Monday
8378563200,3/5/2016,8712,6.91,1,1,5,0,71,20,195,822,3784,Tuesday
8583815059,3/5/2016,12015,9.37,0,0,0,0,0,0,0,1440,3212,Tuesday
8877689391,3/5/2016,10818,8.21,1,0,7,0,19,3,229,1189,2817,Tuesday
4020332650,3/5/2016,4496,3.22,0,0,3,0,0,0,174,950,2828,Tuesday
5553957443,3/5/2016,12848,8.39,2,1,6,0,26,29,247,812,2116,Tuesday
7086361926,3/5/2016,10288,6.76,3,1,3,0,57,36,152,761,2754,Tuesday
5577150313,3/5/2016,11045,8.25,5,0,4,0,97,8,212,580,3795,Tuesday
6962181067,3/5/2016,12109,8.12,2,2,4,0,21,36,267,654,2072,Tuesday
1927972279,3/5/2016,1326,0.92,1,0,0,0,10,0,17,1413,2195,Tuesday
1624580081,3/5/2016,2100,1.37,0,0,1,0,0,0,96,1344,1334,Tuesday
4445114986,3/5/2016,7502,5.18,2,0,3,0,30,2,233,725,2421,Tuesday
2022484408,3/5/2016,12183,8.74,4,0,4,0,72,14,250,1104,2752,Tuesday
2873212765,3/5/2016,7412,4.98,0,0,5,0,1,6,363,1070,1906,Tuesday
4558609924,3/5/2016,5267,3.48,1,0,3,0,21,10,237,1172,1953,Tuesday
1844505072,3/5/2016,4059,2.68,0,0,3,0,0,0,184,1256,1742,Tuesday
2026352035,3/5/2016,5992,3.72,0,0,4,0,0,0,304,981,1604,Tuesday
3977333714,3/5/2016,14335,9.59,3,2,5,0,47,41,258,594,1710,Tuesday
4702921684,3/5/2016,9454,7.67,0,0,8,0,0,0,313,729,3145,Tuesday
6117666160,3/5/2016,0,0.00,0,0,0,0,0,0,0,1440,1496,Tuesday
6290855005,3/5/2016,6047,4.57,0,0,5,0,0,0,240,1200,2671,Tuesday
6775888955,3/5/2016,9,0.01,0,0,0,0,0,0,1,1439,1843,Tuesday
8792009665,3/5/2016,2421,1.55,0,0,2,0,0,0,156,739,2297,Tuesday
2320127002,3/5/2016,7443,5.02,1,0,3,0,20,10,206,1204,1878,Tuesday
4388161847,3/5/2016,12727,9.79,1,1,8,0,18,18,306,984,3290,Tuesday
1503960366,3/5/2016,15103,9.66,4,1,5,0,50,24,254,816,1990,Tuesday
1644430081,3/5/2016,12850,9.34,1,4,5,0,10,94,221,1115,3324,Tuesday
4319703577,3/5/2016,9648,6.47,1,1,5,0,8,26,287,669,2235,Tuesday
8053475328,3/5/2016,15484,11.90,8,1,3,0,87,22,165,1166,3023,Tuesday
7007744171,3/5/2016,14510,10.87,4,1,5,0,58,31,330,1021,2976,Tuesday
8583815059,4/5/2016,3588,2.80,0,0,0,0,0,0,0,1440,2516,Wednesday
3977333714,4/5/2016,13559,9.44,2,5,3,0,14,96,142,852,1628,Wednesday
4020332650,4/5/2016,10252,7.35,1,1,6,0,13,46,346,531,3879,Wednesday
8877689391,4/5/2016,18193,16.30,10,0,6,0,66,8,212,1154,3477,Wednesday
8053475328,4/5/2016,14581,11.15,9,0,2,0,89,8,123,1220,2918,Wednesday
7086361926,4/5/2016,10988,8.31,5,0,3,0,45,12,135,843,2655,Wednesday
1624580081,4/5/2016,2193,1.43,0,0,1,0,0,0,118,1322,1368,Wednesday
6962181067,4/5/2016,10147,6.71,0,2,5,0,15,36,284,683,2086,Wednesday
4702921684,4/5/2016,8161,6.62,0,1,6,0,4,15,251,757,3004,Wednesday
4388161847,4/5/2016,12375,9.52,3,1,6,0,35,21,251,632,3162,Wednesday
5577150313,4/5/2016,5206,3.89,2,0,2,0,25,9,141,631,2755,Wednesday
1503960366,4/5/2016,11100,7.15,2,1,4,0,36,22,203,1179,1819,Wednesday
4319703577,4/5/2016,10429,7.02,1,1,6,0,8,13,313,1106,2282,Wednesday
2022484408,4/5/2016,11768,8.29,3,1,5,0,36,27,272,1105,2649,Wednesday
1844505072,4/5/2016,2080,1.37,0,0,1,0,0,0,87,1353,1549,Wednesday
1927972279,4/5/2016,1786,1.24,0,0,1,0,0,0,87,1353,2338,Wednesday
2026352035,4/5/2016,6564,4.07,0,0,4,0,0,0,345,530,1658,Wednesday
2320127002,4/5/2016,1201,0.81,0,0,1,0,0,0,52,1388,1426,Wednesday
2873212765,4/5/2016,8278,5.56,0,0,6,0,0,0,420,1020,2015,Wednesday
4445114986,4/5/2016,2923,1.96,0,0,2,0,0,0,180,897,2070,Wednesday
4558609924,4/5/2016,5232,3.46,0,0,3,0,0,0,252,1188,1842,Wednesday
5553957443,4/5/2016,4249,2.77,0,0,3,0,0,0,224,651,1698,Wednesday
6117666160,4/5/2016,2997,2.26,0,0,2,0,0,0,156,1279,1902,Wednesday
6775888955,4/5/2016,0,0.00,0,0,0,0,0,0,0,1440,1841,Wednesday
7007744171,4/5/2016,0,0.00,0,0,0,0,0,0,0,1440,1557,Wednesday
8792009665,4/5/2016,2283,1.46,0,0,1,0,0,0,129,848,2067,Wednesday
1644430081,4/5/2016,2309,1.68,0,0,2,0,0,0,52,1388,2222,Wednesday
6290855005,4/5/2016,5832,4.41,0,0,4,0,0,0,272,1168,2718,Wednesday
8378563200,4/5/2016,7875,6.24,2,0,4,0,19,10,167,680,3110,Wednesday
8378563200,5/5/2016,8567,6.79,1,0,6,0,66,3,214,764,3783,Thursday
8583815059,5/5/2016,12427,9.69,0,0,1,0,0,0,70,1370,3266,Thursday
7086361926,5/5/2016,8564,5.60,2,1,3,0,24,14,149,1253,2386,Thursday
4020332650,5/5/2016,11728,8.43,3,2,4,0,38,42,196,916,3429,Thursday
8877689391,5/5/2016,14055,10.67,5,1,4,0,67,15,188,1170,3052,Thursday
1503960366,5/5/2016,14070,8.90,3,1,5,0,45,24,250,857,1959,Thursday
2320127002,5/5/2016,5202,3.51,0,0,3,0,0,11,223,1206,1780,Thursday
1624580081,5/5/2016,2470,1.61,0,0,2,0,0,0,117,1323,1370,Thursday
4445114986,5/5/2016,3800,2.55,0,0,2,0,2,6,185,734,2120,Thursday
4702921684,5/5/2016,8614,6.99,1,0,6,0,8,5,241,745,3006,Thursday
2022484408,5/5/2016,11895,8.35,3,1,5,0,55,20,253,1112,2609,Thursday
6962181067,5/5/2016,10524,6.96,1,1,5,0,14,22,305,591,2066,Thursday
1844505072,5/5/2016,2237,1.48,0,0,1,0,0,0,120,1320,1589,Thursday
1927972279,5/5/2016,0,0.00,0,0,0,0,0,0,0,1440,2063,Thursday
2026352035,5/5/2016,12167,7.54,0,0,8,0,0,0,475,479,1926,Thursday
6117666160,5/5/2016,9799,7.40,0,0,7,0,0,0,487,479,2636,Thursday
6290855005,5/5/2016,6339,4.79,0,0,5,0,0,0,239,1201,2682,Thursday
6775888955,5/5/2016,0,0.00,0,0,0,0,0,0,0,1440,1841,Thursday
8792009665,5/5/2016,0,0.00,0,0,0,0,0,0,0,1440,1688,Thursday
2873212765,5/5/2016,8314,5.61,1,1,4,0,13,23,311,1093,1971,Thursday
4319703577,5/5/2016,13658,9.49,3,1,5,0,27,34,328,957,2530,Thursday
8053475328,5/5/2016,14990,11.51,9,0,2,0,93,9,130,1208,2950,Thursday
5577150313,5/5/2016,7550,5.64,3,0,3,0,45,21,143,1153,3004,Thursday
3977333714,5/5/2016,12312,8.58,2,4,3,0,14,88,178,680,1618,Thursday
5553957443,5/5/2016,14331,9.51,3,2,4,0,44,29,241,692,2156,Thursday
4388161847,5/5/2016,9603,7.38,1,2,5,0,12,39,199,896,2899,Thursday
4558609924,5/5/2016,10611,7.01,1,1,6,0,14,8,370,1048,2262,Thursday
1644430081,5/5/2016,4363,3.19,1,1,2,0,6,12,81,1341,2463,Thursday
7007744171,5/5/2016,15010,11.10,4,1,5,0,53,23,317,1047,2933,Thursday
8378563200,6/5/2016,7045,5.59,2,0,4,0,74,5,166,831,3644,Friday
8877689391,6/5/2016,21727,19.34,13,0,6,0,96,17,232,1095,4015,Friday
4319703577,6/5/2016,9524,6.42,0,0,5,0,6,11,314,692,2266,Friday
6775888955,6/5/2016,4697,3.37,0,1,2,0,12,35,75,1318,2496,Friday
4020332650,6/5/2016,4369,3.13,0,0,3,0,0,0,177,855,2704,Friday
4702921684,6/5/2016,6943,5.63,0,1,5,0,1,16,207,682,2859,Friday
7086361926,6/5/2016,12461,8.38,4,1,3,0,84,35,154,834,2924,Friday
2873212765,6/5/2016,7063,4.75,0,0,5,0,0,5,370,1065,1910,Friday
4388161847,6/5/2016,13175,10.13,2,2,6,0,33,45,262,1100,3425,Friday
7007744171,6/5/2016,11459,7.67,3,1,4,0,44,13,247,1136,2553,Friday
5577150313,6/5/2016,4950,3.70,2,0,1,0,41,16,79,1304,2643,Friday
1844505072,6/5/2016,44,0.03,0,0,0,0,0,0,2,1438,1351,Friday
1927972279,6/5/2016,2091,1.45,0,0,1,0,0,0,108,1332,2383,Friday
2026352035,6/5/2016,8198,5.08,0,0,5,0,0,0,383,511,1736,Friday
2320127002,6/5/2016,4878,3.29,0,0,3,0,0,0,204,1236,1742,Friday
4445114986,6/5/2016,4514,3.03,0,0,3,0,0,0,229,809,2211,Friday
4558609924,6/5/2016,3755,2.48,0,0,2,0,0,0,202,1238,1722,Friday
6117666160,6/5/2016,3365,2.68,0,0,3,0,0,0,133,673,1838,Friday
6962181067,6/5/2016,5908,3.91,0,0,4,0,0,0,299,717,1850,Friday
8792009665,6/5/2016,0,0.00,0,0,0,0,0,0,0,1440,1688,Friday
5553957443,6/5/2016,9632,6.29,2,1,4,0,21,9,229,761,1916,Friday
2022484408,6/5/2016,10227,7.18,2,1,5,0,24,17,295,1104,2498,Friday
8583815059,6/5/2016,5843,4.56,0,1,3,0,2,22,166,1250,2683,Friday
1503960366,6/5/2016,12159,8.03,2,0,6,0,24,6,289,754,1896,Friday
6290855005,6/5/2016,6116,4.62,0,0,5,0,0,0,305,1135,2806,Friday
1644430081,6/5/2016,9787,7.12,1,0,6,0,11,6,369,1054,3328,Friday
8053475328,6/5/2016,13953,11.00,9,1,1,0,90,15,90,1245,2859,Friday
1624580081,6/5/2016,1727,1.12,0,0,1,0,0,0,102,1338,1341,Friday
3977333714,6/5/2016,11677,8.28,3,3,3,0,29,55,168,676,1590,Friday
4020332650,7/5/2016,6132,4.40,0,0,4,0,0,0,184,1256,2975,Saturday
8877689391,7/5/2016,12332,8.13,0,1,7,0,105,28,271,1036,4142,Saturday
4445114986,7/5/2016,5183,3.59,2,0,1,0,26,4,108,866,2123,Saturday
6290855005,7/5/2016,5510,4.17,0,0,4,0,0,0,227,1213,2613,Saturday
4319703577,7/5/2016,7937,5.33,0,1,4,0,3,28,279,586,2158,Saturday
3977333714,7/5/2016,11550,7.73,0,4,4,0,0,86,208,703,1574,Saturday
7086361926,7/5/2016,12827,8.48,1,2,5,0,20,42,209,621,2739,Saturday
8053475328,7/5/2016,19769,15.67,12,1,2,0,121,20,148,1076,3331,Saturday
4558609924,7/5/2016,8237,5.44,2,1,3,0,23,16,233,1116,1973,Saturday
2873212765,7/5/2016,4940,3.38,2,1,1,0,75,11,52,1302,1897,Saturday
2022484408,7/5/2016,6708,4.71,2,0,3,0,20,2,149,1269,1995,Saturday
1503960366,7/5/2016,11992,7.71,2,2,3,0,37,46,175,833,1821,Saturday
1624580081,7/5/2016,2104,1.37,0,0,1,0,0,0,182,1258,1474,Saturday
1844505072,7/5/2016,0,0.00,0,0,0,0,0,0,0,1440,1347,Saturday
1927972279,7/5/2016,1510,1.04,0,0,1,0,0,0,48,1392,2229,Saturday
2026352035,7/5/2016,4193,2.60,0,0,3,0,0,0,229,665,1491,Saturday
2320127002,7/5/2016,7379,4.97,0,0,5,0,0,0,319,1121,1972,Saturday
5553957443,7/5/2016,1868,1.22,0,0,1,0,0,0,96,902,1494,Saturday
5577150313,7/5/2016,0,0.00,0,0,0,0,0,0,0,1440,1819,Saturday
6117666160,7/5/2016,7336,5.54,0,0,6,0,0,0,412,456,2469,Saturday
6962181067,7/5/2016,6815,4.50,0,0,5,0,0,0,328,745,1947,Saturday
7007744171,7/5/2016,0,0.00,0,0,0,0,0,0,0,111,120,Saturday
8378563200,7/5/2016,4468,3.54,0,0,4,0,0,0,158,851,2799,Saturday
8583815059,7/5/2016,6117,4.77,0,0,5,0,0,0,250,1190,2810,Saturday
8792009665,7/5/2016,0,0.00,0,0,0,0,0,0,0,1440,1688,Saturday
4702921684,7/5/2016,14370,11.65,0,2,9,0,5,46,439,577,3683,Saturday
4388161847,7/5/2016,22770,17.54,9,3,5,0,120,56,260,508,4022,Saturday
1644430081,7/5/2016,13372,9.72,3,1,6,0,41,17,243,1139,3404,Saturday
6775888955,7/5/2016,1967,1.41,0,0,1,0,2,5,49,551,1032,Saturday
4020332650,8/5/2016,5862,4.20,0,0,4,0,0,0,263,775,3089,Sunday
8877689391,8/5/2016,10686,8.11,1,0,7,0,17,4,245,1174,2847,Sunday
5553957443,8/5/2016,6083,4.00,0,0,3,0,3,8,210,505,1762,Sunday
4558609924,8/5/2016,6543,4.33,2,1,2,0,66,35,238,1019,2666,Sunday
7086361926,8/5/2016,10677,7.10,2,2,3,0,32,27,147,695,2534,Sunday
1624580081,8/5/2016,3427,2.23,0,0,2,0,0,0,152,1288,1427,Sunday
2320127002,8/5/2016,5161,3.48,0,0,3,0,0,0,247,1193,1821,Sunday
1644430081,8/5/2016,6724,4.89,0,0,5,0,0,0,295,991,2987,Sunday
6290855005,8/5/2016,7706,5.83,0,0,6,0,0,0,251,1189,2712,Sunday
4702921684,8/5/2016,12857,10.43,1,6,4,0,9,125,192,1019,3287,Sunday
3977333714,8/5/2016,13585,9.09,1,5,3,0,9,116,171,688,1633,Sunday
8583815059,8/5/2016,9217,7.19,0,3,4,0,3,72,182,1183,2940,Sunday
1844505072,8/5/2016,0,0.00,0,0,0,0,0,0,0,1440,1347,Sunday
1927972279,8/5/2016,0,0.00,0,0,0,0,0,0,0,1440,2063,Sunday
2022484408,8/5/2016,3292,2.31,0,0,2,0,0,0,135,1305,1848,Sunday
2026352035,8/5/2016,5528,3.45,0,0,3,0,0,0,258,610,1555,Sunday
4319703577,8/5/2016,3672,2.46,0,0,2,0,0,0,153,603,1792,Sunday
4445114986,8/5/2016,7303,4.90,0,0,5,0,0,8,308,733,2423,Sunday
5577150313,8/5/2016,0,0.00,0,0,0,0,0,0,0,1440,1819,Sunday
6117666160,8/5/2016,7328,5.53,0,0,6,0,0,0,318,517,2250,Sunday
8378563200,8/5/2016,2943,2.33,0,0,2,0,0,0,139,621,2685,Sunday
8792009665,8/5/2016,0,0.00,0,0,0,0,0,0,0,1440,1688,Sunday
6962181067,8/5/2016,4188,2.77,0,1,2,0,0,14,151,709,1659,Sunday
8053475328,8/5/2016,22026,17.65,13,1,4,0,125,14,228,1073,3589,Sunday
1503960366,8/5/2016,10060,6.58,4,0,3,0,44,8,203,574,1740,Sunday
2873212765,8/5/2016,8168,5.54,3,0,3,0,46,0,326,1068,2096,Sunday
4388161847,8/5/2016,17298,14.38,10,1,3,0,107,38,178,576,3934,Sunday
8378563200,9/5/2016,8382,6.65,1,1,5,0,71,13,171,772,3721,Monday
3977333714,9/5/2016,14687,10.08,1,6,4,0,8,122,151,1159,1667,Monday
8877689391,9/5/2016,20226,18.25,11,1,6,0,73,19,217,1131,3710,Monday
8583815059,9/5/2016,9877,7.70,6,0,2,0,66,4,110,1260,2947,Monday
2026352035,9/5/2016,10685,6.62,0,0,7,0,0,0,401,543,1869,Monday
7086361926,9/5/2016,13566,9.11,4,2,3,0,67,50,171,743,2960,Monday
4319703577,9/5/2016,10378,6.96,0,1,6,0,2,14,374,490,2345,Monday
4702921684,9/5/2016,8232,6.68,0,1,6,0,0,12,253,746,2990,Monday
4020332650,9/5/2016,4556,3.27,0,0,3,0,3,5,173,1225,2785,Monday
2022484408,9/5/2016,13379,9.39,2,2,6,0,35,47,297,1061,2709,Monday
4558609924,9/5/2016,11451,7.57,0,2,6,0,6,30,339,1065,2223,Monday
8053475328,9/5/2016,12465,9.38,6,1,3,0,66,12,148,1214,2765,Monday
4388161847,9/5/2016,10218,7.86,0,1,7,0,6,19,258,1020,3013,Monday
1624580081,9/5/2016,1732,1.13,0,0,1,0,0,0,91,1349,1328,Monday
1844505072,9/5/2016,0,0.00,0,0,0,0,0,0,0,1440,1347,Monday
1927972279,9/5/2016,0,0.00,0,0,0,0,0,0,0,1440,2063,Monday
2320127002,9/5/2016,3090,2.08,0,0,2,0,0,0,145,1295,1630,Monday
2873212765,9/5/2016,7726,5.19,0,0,5,0,0,0,345,1095,1906,Monday
4445114986,9/5/2016,5275,3.54,0,0,4,0,0,0,266,641,2281,Monday
6117666160,9/5/2016,4477,3.38,0,0,3,0,0,0,197,125,1248,Monday
8792009665,9/5/2016,0,0.00,0,0,0,0,0,0,0,1440,1688,Monday
5577150313,9/5/2016,3421,2.56,1,0,1,0,34,11,70,1099,2489,Monday
6290855005,9/5/2016,6277,4.75,0,0,5,0,0,0,264,800,2175,Monday
5553957443,9/5/2016,11611,7.58,2,1,5,0,59,22,251,667,2272,Monday
1503960366,9/5/2016,12022,7.72,3,1,4,0,46,11,206,835,1819,Monday
1644430081,9/5/2016,6643,4.83,2,0,2,0,32,6,303,1099,3008,Monday
6962181067,9/5/2016,12342,8.72,4,1,4,0,43,21,231,607,2105,Monday
8378563200,10/5/2016,6582,5.22,1,1,4,0,63,13,152,840,3586,Tuesday
4020332650,10/5/2016,5546,3.98,0,0,4,0,0,0,206,774,2926,Tuesday
8877689391,10/5/2016,10733,8.15,1,0,6,0,18,11,224,1187,2832,Tuesday
5553957443,10/5/2016,16358,10.71,4,2,5,0,61,40,265,707,2335,Tuesday
7086361926,10/5/2016,14433,10.79,7,1,2,0,72,23,106,1182,2800,Tuesday
8583815059,10/5/2016,8240,6.43,1,2,4,0,9,43,162,1226,2846,Tuesday
6962181067,10/5/2016,15448,10.21,3,2,5,0,62,34,275,626,2361,Tuesday
1503960366,10/5/2016,12207,7.77,3,1,3,0,46,31,214,746,1859,Tuesday
4319703577,10/5/2016,9487,6.37,0,0,6,0,3,12,329,555,2260,Tuesday
4388161847,10/5/2016,10299,7.92,1,1,6,0,13,14,267,648,3061,Tuesday
1844505072,10/5/2016,0,0.00,0,0,0,0,0,0,0,1440,1347,Tuesday
1927972279,10/5/2016,0,0.00,0,0,0,0,0,0,0,1440,2063,Tuesday
2026352035,10/5/2016,254,0.16,0,0,0,0,0,0,17,1002,1141,Tuesday
2320127002,10/5/2016,6227,4.20,0,0,4,0,0,0,290,1150,1899,Tuesday
4445114986,10/5/2016,3915,2.63,0,0,3,0,0,0,231,783,2181,Tuesday
6290855005,10/5/2016,0,0.00,0,0,0,0,0,0,0,1440,0,Tuesday
8792009665,10/5/2016,0,0.00,0,0,0,0,0,0,0,48,57,Tuesday
1624580081,10/5/2016,2969,1.93,0,0,2,0,0,0,139,1301,1393,Tuesday
4558609924,10/5/2016,6435,4.25,1,1,2,0,11,18,220,1191,1889,Tuesday
2873212765,10/5/2016,8275,5.56,0,0,6,0,0,0,373,1067,1962,Tuesday
3977333714,10/5/2016,13072,8.78,0,5,3,0,1,115,196,676,1630,Tuesday
4702921684,10/5/2016,10613,8.61,0,2,7,0,1,37,262,701,3172,Tuesday
8053475328,10/5/2016,14810,11.36,9,0,2,0,96,10,115,1219,2926,Tuesday
5577150313,10/5/2016,8869,6.65,3,1,3,0,104,37,194,639,3841,Tuesday
1644430081,10/5/2016,9167,6.66,1,1,5,0,12,19,155,1254,2799,Tuesday
2022484408,10/5/2016,12798,8.98,2,1,6,0,57,28,271,1084,2797,Tuesday
8378563200,11/5/2016,9143,7.25,1,1,5,0,72,10,184,763,3788,Wednesday
4020332650,11/5/2016,3689,2.65,0,0,2,0,2,8,134,1296,2645,Wednesday
4702921684,11/5/2016,9810,7.96,1,2,5,0,10,41,235,784,3069,Wednesday
8877689391,11/5/2016,21420,19.56,13,0,6,0,88,12,213,1127,3832,Wednesday
5577150313,11/5/2016,4038,3.04,2,0,1,0,45,15,63,257,1665,Wednesday
4319703577,11/5/2016,9129,6.13,0,1,5,0,3,18,311,574,2232,Wednesday
1644430081,11/5/2016,1329,0.97,0,0,1,0,0,0,49,713,1276,Wednesday
1503960366,11/5/2016,12770,8.13,3,1,5,0,36,23,251,669,1783,Wednesday
8583815059,11/5/2016,8701,6.79,0,3,3,0,5,71,177,1106,2804,Wednesday
7086361926,11/5/2016,9572,6.52,3,1,2,0,57,40,128,757,2735,Wednesday
4445114986,11/5/2016,9105,6.11,2,1,3,0,34,22,232,622,2499,Wednesday
1624580081,11/5/2016,3134,2.04,0,0,2,0,0,0,112,1328,1359,Wednesday
1844505072,11/5/2016,0,0.00,0,0,0,0,0,0,0,1440,1347,Wednesday
1927972279,11/5/2016,0,0.00,0,0,0,0,0,0,0,1440,2063,Wednesday
2026352035,11/5/2016,8580,5.32,0,0,5,0,0,0,330,569,1698,Wednesday
2320127002,11/5/2016,6424,4.33,0,0,4,0,0,0,300,1140,1903,Wednesday
3977333714,11/5/2016,746,0.50,0,0,0,0,4,0,9,13,52,Wednesday
5553957443,11/5/2016,4926,3.22,0,0,3,0,0,0,195,628,1693,Wednesday
2022484408,11/5/2016,13272,9.32,4,1,4,0,58,25,224,1133,2544,Wednesday
4558609924,11/5/2016,9108,6.02,0,2,4,0,4,31,324,1081,2131,Wednesday
2873212765,11/5/2016,6440,4.33,0,0,4,0,0,0,319,1121,1826,Wednesday
8053475328,11/5/2016,12209,9.40,6,0,3,0,60,7,184,1189,2809,Wednesday
6962181067,11/5/2016,6722,4.44,1,0,3,0,24,7,199,709,1855,Wednesday
4388161847,11/5/2016,10201,7.84,1,1,7,0,8,18,256,858,2954,Wednesday
7086361926,12/5/2016,3789,2.56,0,0,2,0,5,4,58,343,1199,Thursday
2022484408,12/5/2016,9117,6.41,1,1,4,0,16,16,236,728,1853,Thursday
4020332650,12/5/2016,590,0.42,0,0,0,0,0,0,21,721,1120,Thursday
6962181067,12/5/2016,3587,2.37,0,0,2,0,0,8,105,127,928,Thursday
8378563200,12/5/2016,4561,3.62,1,0,3,0,8,6,102,433,1976,Thursday
8877689391,12/5/2016,8064,6.12,2,0,4,0,23,1,137,770,1849,Thursday
8053475328,12/5/2016,4998,3.91,3,0,1,0,28,4,39,839,1505,Thursday
5553957443,12/5/2016,3121,2.04,1,0,1,0,8,6,48,222,741,Thursday
1503960366,12/5/2016,0,0.00,0,0,0,0,0,0,0,1440,0,Thursday
1844505072,12/5/2016,0,0.00,0,0,0,0,0,0,0,711,665,Thursday
1927972279,12/5/2016,0,0.00,0,0,0,0,0,0,0,966,1383,Thursday
2026352035,12/5/2016,8891,5.51,0,0,6,0,0,0,343,330,1364,Thursday
2320127002,12/5/2016,2661,1.79,0,0,2,0,0,0,128,830,1125,Thursday
2873212765,12/5/2016,7566,5.11,0,0,5,0,0,0,268,720,1431,Thursday
4319703577,12/5/2016,17,0.01,0,0,0,0,0,0,2,0,257,Thursday
4388161847,12/5/2016,3369,2.59,0,0,3,0,0,0,108,825,1623,Thursday
4445114986,12/5/2016,768,0.52,0,0,1,0,0,0,58,380,1212,Thursday
4558609924,12/5/2016,6307,4.17,0,0,4,0,0,0,247,736,1452,Thursday
4702921684,12/5/2016,2752,2.23,0,0,2,0,0,0,68,241,1240,Thursday
8583815059,12/5/2016,0,0.00,0,0,0,0,0,0,0,1440,0,Thursday
1624580081,12/5/2016,2971,1.93,0,0,2,0,0,0,107,890,1002,Thursday